,accuracy,auc,cv_auc_mean,cv_auc_std,n_train,n_test
30d_hospitalization,0.9792117492638973,0.9976404820392883,0.9976171886450356,0.00018749249078842318,84565.0,28189.0
60d_hospitalization,0.9682145517755153,0.9961835882162116,0.9960391218298155,0.00020779048457679074,84565.0,28189.0
90d_hospitalization,0.9727198552626911,0.996509687467708,0.9960621422137944,0.00023939923356384012,84565.0,28189.0
mortality,0.9038632090531767,0.9744288650270612,0.9745577609068288,0.000633359777781302,84565.0,28189.0
