tier,patients,intervention_cost,direct_savings,quality_bonus,total_benefits,net_savings,roi_percent,prevented_hosps
1,56377,11275400.0,1410050.42853661,211507.5642804915,1621557.9928171015,-9653842.007182898,-85.61862113257975,141.00504285366102
2,28188,8456400.0,5878658.868871583,881798.8303307374,6760457.69920232,-1695942.3007976804,-20.055133399527936,587.8658868871582
3,20296,12177600.0,18253188.18806961,2737978.228210442,20991166.416280054,8813566.416280054,72.37523334877196,1825.3188188069612
4,4509,3607200.0,6763500.0,1014525.0,7778025.0,4170825.0,115.625,676.3499999999999
5,3384,3384000.0,7106400.0,1065960.0,8172360.0,4788360.0,141.5,710.6399999999999
